{
  "_format": "hh3-sol-build-info-1",
  "id": "solc-0_8_28-24fa8b822a71c9b275faebf40a54963f03ef09ba",
  "solcVersion": "0.8.28",
  "solcLongVersion": "0.8.28+commit.7893614a",
  "userSourceNameMap": {
    "contracts/Counter.sol": "project/contracts/Counter.sol",
    "contracts/MockUSDT.sol": "project/contracts/MockUSDT.sol",
    "contracts/PaymentChannel.sol": "project/contracts/PaymentChannel.sol"
  },
  "input": {
    "language": "Solidity",
    "settings": {
      "evmVersion": "cancun",
      "outputSelection": {
        "*": {
          "": [
            "ast"
          ],
          "*": [
            "abi",
            "evm.bytecode",
            "evm.deployedBytecode",
            "evm.methodIdentifiers",
            "metadata"
          ]
        }
      },
      "remappings": [
        "project/:@openzeppelin/contracts/=npm/@openzeppelin/contracts@5.4.0/"
      ]
    },
    "sources": {
      "npm/@openzeppelin/contracts@5.4.0/token/ERC20/IERC20.sol": {
        "content": "// SPDX-License-Identifier: MIT\n// OpenZeppelin Contracts (last updated v5.4.0) (token/ERC20/IERC20.sol)\n\npragma solidity >=0.4.16;\n\n/**\n * @dev Interface of the ERC-20 standard as defined in the ERC.\n */\ninterface IERC20 {\n    /**\n     * @dev Emitted when `value` tokens are moved from one account (`from`) to\n     * another (`to`).\n     *\n     * Note that `value` may be zero.\n     */\n    event Transfer(address indexed from, address indexed to, uint256 value);\n\n    /**\n     * @dev Emitted when the allowance of a `spender` for an `owner` is set by\n     * a call to {approve}. `value` is the new allowance.\n     */\n    event Approval(address indexed owner, address indexed spender, uint256 value);\n\n    /**\n     * @dev Returns the value of tokens in existence.\n     */\n    function totalSupply() external view returns (uint256);\n\n    /**\n     * @dev Returns the value of tokens owned by `account`.\n     */\n    function balanceOf(address account) external view returns (uint256);\n\n    /**\n     * @dev Moves a `value` amount of tokens from the caller's account to `to`.\n     *\n     * Returns a boolean value indicating whether the operation succeeded.\n     *\n     * Emits a {Transfer} event.\n     */\n    function transfer(address to, uint256 value) external returns (bool);\n\n    /**\n     * @dev Returns the remaining number of tokens that `spender` will be\n     * allowed to spend on behalf of `owner` through {transferFrom}. This is\n     * zero by default.\n     *\n     * This value changes when {approve} or {transferFrom} are called.\n     */\n    function allowance(address owner, address spender) external view returns (uint256);\n\n    /**\n     * @dev Sets a `value` amount of tokens as the allowance of `spender` over the\n     * caller's tokens.\n     *\n     * Returns a boolean value indicating whether the operation succeeded.\n     *\n     * IMPORTANT: Beware that changing an allowance with this method brings the risk\n     * that someone may use both the old and the new allowance by unfortunate\n     * transaction ordering. One possible solution to mitigate this race\n     * condition is to first reduce the spender's allowance to 0 and set the\n     * desired value afterwards:\n     * https://github.com/ethereum/EIPs/issues/20#issuecomment-263524729\n     *\n     * Emits an {Approval} event.\n     */\n    function approve(address spender, uint256 value) external returns (bool);\n\n    /**\n     * @dev Moves a `value` amount of tokens from `from` to `to` using the\n     * allowance mechanism. `value` is then deducted from the caller's\n     * allowance.\n     *\n     * Returns a boolean value indicating whether the operation succeeded.\n     *\n     * Emits a {Transfer} event.\n     */\n    function transferFrom(address from, address to, uint256 value) external returns (bool);\n}\n"
      },
      "project/contracts/Counter.sol": {
        "content": "// SPDX-License-Identifier: UNLICENSED\npragma solidity ^0.8.28;\n\ncontract Counter {\n  uint public x;\n\n  event Increment(uint by);\n\n  function inc() public {\n    x++;\n    emit Increment(1);\n  }\n\n  function incBy(uint by) public {\n    require(by > 0, \"incBy: increment should be positive\");\n    x += by;\n    emit Increment(by);\n  }\n}\n"
      },
      "project/contracts/MockUSDT.sol": {
        "content": "// SPDX-License-Identifier: UNLICENSED\npragma solidity ^0.8.28;\n\ncontract MockUSDT {\n    string public name = \"Mock USDT\";\n    string public symbol = \"USDT\";\n    uint8 public decimals = 6;\n    uint256 public totalSupply;\n    \n    mapping(address => uint256) public balanceOf;\n    mapping(address => mapping(address => uint256)) public allowance;\n    \n    event Transfer(address indexed from, address indexed to, uint256 value);\n    event Approval(address indexed owner, address indexed spender, uint256 value);\n    \n    constructor() {\n        totalSupply = 1_000_000 * 1e6;\n        balanceOf[msg.sender] = totalSupply;\n        emit Transfer(address(0), msg.sender, totalSupply);\n    }\n    \n    function transfer(address to, uint256 amount) external returns (bool) {\n        require(balanceOf[msg.sender] >= amount, \"Insufficient balance\");\n        balanceOf[msg.sender] -= amount;\n        balanceOf[to] += amount;\n        emit Transfer(msg.sender, to, amount);\n        return true;\n    }\n    \n    function approve(address spender, uint256 amount) external returns (bool) {\n        allowance[msg.sender][spender] = amount;\n        emit Approval(msg.sender, spender, amount);\n        return true;\n    }\n    \n    function transferFrom(address from, address to, uint256 amount) external returns (bool) {\n        require(balanceOf[from] >= amount, \"Insufficient balance\");\n        require(allowance[from][msg.sender] >= amount, \"Allowance exceeded\");\n        balanceOf[from] -= amount;\n        balanceOf[to] += amount;\n        allowance[from][msg.sender] -= amount;\n        emit Transfer(from, to, amount);\n        return true;\n    }\n    \n    // 铸造代币（用于测试）\n    function mint(address to, uint256 amount) external {\n        balanceOf[to] += amount;\n        totalSupply += amount;\n        emit Transfer(address(0), to, amount);\n    }\n}\n"
      },
      "project/contracts/PaymentChannel.sol": {
        "content": "// SPDX-License-Identifier: MIT\npragma solidity ^0.8.20;\n\nimport \"@openzeppelin/contracts/token/ERC20/IERC20.sol\";\n\n/**\n * PaymentChannel v2\n * 新增 withdrawWithSignature: 用户带后端签名提现，用户付 gas，后端零 gas\n * \n * 签名消息格式: keccak256(abi.encodePacked(user, amount, orderId, nonce, chainId, contractAddress))\n * - nonce 防重放\n * - chainId + contractAddress 防跨链/跨合约重放\n */\ncontract PaymentChannel {\n    address public owner;\n    IERC20 public usdtToken;\n    IERC20 public xplToken;   // XPL 代币，收益提现用\n    \n    mapping(address => uint256) public balances;\n    mapping(bytes32 => bool) public usedSignatures;  // 防重放\n    \n    event Deposited(address indexed user, uint256 amount, string orderId);\n    event USDTDeposited(address indexed user, uint256 amount, string orderId);\n    event Withdrawn(address indexed user, uint256 amount, string orderId);\n    event XplWithdrawn(address indexed user, uint256 xplAmount, uint256 usdtValue, string orderId);\n    \n    modifier onlyOwner() {\n        require(msg.sender == owner, \"Only owner can call this function\");\n        _;\n    }\n    \n    constructor() {\n        owner = msg.sender;\n    }\n    \n    // ========== 充值 ==========\n    \n    function deposit(string calldata orderId) external payable {\n        require(msg.value > 0, \"Deposit amount must be greater than 0\");\n        require(bytes(orderId).length > 0, \"Order ID is required\");\n        \n        balances[msg.sender] += msg.value;\n        emit Deposited(msg.sender, msg.value, orderId);\n    }\n    \n    function depositUsdt(uint256 amount, string calldata orderId) external {\n        require(address(usdtToken) != address(0), \"USDT token not set\");\n        require(amount > 0, \"Deposit amount must be greater than 0\");\n        require(bytes(orderId).length > 0, \"Order ID is required\");\n        \n        bool success = usdtToken.transferFrom(msg.sender, address(this), amount);\n        require(success, \"USDT transfer failed\");\n        \n        balances[msg.sender] += amount;\n        emit USDTDeposited(msg.sender, amount, orderId);\n    }\n    \n    // ========== 提现（带签名验证） ==========\n    \n    /**\n     * 用户调用，带后端 owner 签名提现 USDT\n     * @param amount 提现金额 (wei)\n     * @param orderId 订单号\n     * @param nonce 唯一随机数，防重放\n     * @param signature owner 对 (user, amount, orderId, nonce, chainId, contractAddress) 的签名\n     */\n    function withdrawWithSignature(\n        uint256 amount,\n        string calldata orderId,\n        uint256 nonce,\n        bytes calldata signature\n    ) external {\n        require(amount > 0, \"Withdrawal amount must be greater than 0\");\n        require(bytes(orderId).length > 0, \"Order ID is required\");\n        \n        // 构造签名哈希\n        bytes32 messageHash = keccak256(\n            abi.encodePacked(msg.sender, amount, orderId, nonce, block.chainid, address(this))\n        );\n        bytes32 ethSignedHash = _toEthSignedMessageHash(messageHash);\n        \n        // 防重放\n        require(!usedSignatures[ethSignedHash], \"Signature already used\");\n        usedSignatures[ethSignedHash] = true;\n        \n        // 验证签名\n        address signer = _recoverSigner(ethSignedHash, signature);\n        require(signer == owner, \"Invalid signature\");\n        \n        // 转 USDT 给用户\n        require(address(usdtToken) != address(0), \"USDT token not set\");\n        bool success = usdtToken.transfer(msg.sender, amount);\n        require(success, \"USDT transfer failed\");\n        \n        emit Withdrawn(msg.sender, amount, orderId);\n    }\n    \n    // ========== 收益提现（XPL，带签名验证） ==========\n    \n    /**\n     * 用户调用，带后端 owner 签名提现 XPL（收益提现）\n     * 后端已按汇率算好 XPL 数量，签名里包含 xplAmount\n     * @param xplAmount XPL 数量 (wei, 18 decimals)\n     * @param usdtValue 对应的 USDT 价值 (用于事件记录)\n     * @param orderId 订单号\n     * @param nonce 唯一随机数，防重放\n     * @param signature owner 对 (user, xplAmount, orderId, nonce, chainId, contractAddress) 的签名\n     */\n    function withdrawXplWithSignature(\n        uint256 xplAmount,\n        uint256 usdtValue,\n        string calldata orderId,\n        uint256 nonce,\n        bytes calldata signature\n    ) external {\n        require(xplAmount > 0, \"Withdrawal amount must be greater than 0\");\n        require(bytes(orderId).length > 0, \"Order ID is required\");\n        \n        // 构造签名哈希（签名内容不含 usdtValue，只签核心字段）\n        bytes32 messageHash = keccak256(\n            abi.encodePacked(msg.sender, xplAmount, orderId, nonce, block.chainid, address(this))\n        );\n        bytes32 ethSignedHash = _toEthSignedMessageHash(messageHash);\n        \n        // 防重放\n        require(!usedSignatures[ethSignedHash], \"Signature already used\");\n        usedSignatures[ethSignedHash] = true;\n        \n        // 验证签名\n        address signer = _recoverSigner(ethSignedHash, signature);\n        require(signer == owner, \"Invalid signature\");\n        \n        // 转 XPL 给用户\n        require(address(xplToken) != address(0), \"XPL token not set\");\n        bool success = xplToken.transfer(msg.sender, xplAmount);\n        require(success, \"XPL transfer failed\");\n        \n        emit XplWithdrawn(msg.sender, xplAmount, usdtValue, orderId);\n    }\n    \n    // ========== Owner 方法 ==========\n    \n    function withdrawTo(address payable to, uint256 amount, string calldata orderId) external onlyOwner {\n        require(amount > 0, \"Withdrawal amount must be greater than 0\");\n        require(bytes(orderId).length > 0, \"Order ID is required\");\n        require(balances[to] >= amount, \"Insufficient balance\");\n        \n        balances[to] -= amount;\n        to.transfer(amount);\n        emit Withdrawn(to, amount, orderId);\n    }\n    \n    function setUsdtToken(address _usdtToken) external onlyOwner {\n        usdtToken = IERC20(_usdtToken);\n    }\n    \n    function setXplToken(address _xplToken) external onlyOwner {\n        xplToken = IERC20(_xplToken);\n    }\n    \n    function getBalance(address user) external view returns (uint256) {\n        return balances[user];\n    }\n    \n    /**\n     * 紧急提取：管理员提取合约中的所有 USDT\n     * @param amount 提取金额（如果为 0，则提取全部）\n     */\n    function emergencyWithdrawUsdt(uint256 amount) external onlyOwner {\n        require(address(usdtToken) != address(0), \"USDT token not set\");\n        \n        uint256 contractBalance = usdtToken.balanceOf(address(this));\n        require(contractBalance > 0, \"No USDT to withdraw\");\n        \n        uint256 withdrawAmount = amount == 0 ? contractBalance : amount;\n        require(withdrawAmount <= contractBalance, \"Insufficient contract balance\");\n        \n        bool success = usdtToken.transfer(owner, withdrawAmount);\n        require(success, \"USDT transfer failed\");\n    }\n    \n    /**\n     * 紧急提取：管理员提取合约中的所有 XPL\n     * @param amount 提取金额（如果为 0，则提取全部）\n     */\n    function emergencyWithdrawXpl(uint256 amount) external onlyOwner {\n        require(address(xplToken) != address(0), \"XPL token not set\");\n        \n        uint256 contractBalance = xplToken.balanceOf(address(this));\n        require(contractBalance > 0, \"No XPL to withdraw\");\n        \n        uint256 withdrawAmount = amount == 0 ? contractBalance : amount;\n        require(withdrawAmount <= contractBalance, \"Insufficient contract balance\");\n        \n        bool success = xplToken.transfer(owner, withdrawAmount);\n        require(success, \"XPL transfer failed\");\n    }\n    \n    /**\n     * 紧急提取：管理员提取合约中的原生代币（ETH/BNB等）\n     */\n    function emergencyWithdrawNative() external onlyOwner {\n        uint256 balance = address(this).balance;\n        require(balance > 0, \"No native token to withdraw\");\n        \n        (bool success, ) = owner.call{value: balance}(\"\");\n        require(success, \"Native token transfer failed\");\n    }\n    \n    // ========== 内部方法 ==========\n    \n    function _toEthSignedMessageHash(bytes32 hash) internal pure returns (bytes32) {\n        return keccak256(abi.encodePacked(\"\\x19Ethereum Signed Message:\\n32\", hash));\n    }\n    \n    function _recoverSigner(bytes32 ethSignedHash, bytes memory sig) internal pure returns (address) {\n        require(sig.length == 65, \"Invalid signature length\");\n        \n        bytes32 r;\n        bytes32 s;\n        uint8 v;\n        \n        assembly {\n            r := mload(add(sig, 32))\n            s := mload(add(sig, 64))\n            v := byte(0, mload(add(sig, 96)))\n        }\n        \n        if (v < 27) v += 27;\n        require(v == 27 || v == 28, \"Invalid signature v value\");\n        \n        return ecrecover(ethSignedHash, v, r, s);\n    }\n    \n    receive() external payable {\n        revert(\"Please use deposit() function with order ID\");\n    }\n}\n"
      }
    }
  }
}